,Karmn,carmencitas_star_name,star_name,star_alternate_names,simbad_id,GJ,RA_J2000,DE_J2000,d_star(pc),p_rot(days),bfield_star(gauss),radius_star(r_sun),mass_star(m_sun),star_sp_type,star_teff,planet_name,mass_planet(m_earth),radius(r_earth),mass_planet(m_jupiter),mass_sini,radius_planet(r_jupiter),p_orb(days),a(au),eccentricity,inclination,log T,T_corona(MK),mdot(mdot_sun),RA_LoTSS_deg,DEC_LoTSS_deg,LoTSS_pos_error_arcsec,VLASS_flux_Jy,e_VLASS_flux_Jy,VLASS_compacity,VLASS_distance,VLASS_RMS,LoTSS_flux_Jy,e_LoTSS_flux_Jy,LoTSS_compacity,LoTSS_distance,LoTSS_RMS,detection
0,J10196+198,AD Leo,AD Leo,GJ 388,BD+20  2465,388,10:19:36.28,+19:52:12.0,4.965085,2.24,51.42857142857143,0.4288,0.4461,M4V,,AD Leo b,23.10406,,,0.0727,,2.2246,0.025,0.03,,,2.0,1,154.898336096808,19.86977078393927,4.8591409970859765,0.0023072037100481,0.0002164959733155,1.0592956274337797,2.7105370282141066,0.000131866443553,0.003974912867184,0.0003240690339976,0.7416942194374462,0.6505725541773983,0.0001452167198294,yes
1,J11509+483,GJ 1151,GJ 1151,,G 122-49,1151,11:50:57.72,+48:22:38.6,8.04260814,125.0,51.42857142857143,0.17807,0.16386,M4.5V,3280.0,GJ 1151 b,2.5106200000000003,,,0.0079,,2.018,0.01735,,,,2.0,1,177.7280685754949,48.37223252847939,17.67378965103215,0.0,0.0,0.0,0.0,0.0,0.0004782433818991,0.0001120314990355,0.7881567523567945,8.893930186626696,5.283378413878381e-05,yes
2,J11509+483,GJ 1151,GJ 1151,,G 122-49,1151,11:50:57.72,+48:22:38.6,8.04260814,125.0,51.42857142857143,0.17807,0.16386,M4.5V,3280.0,GJ 1151 c,10.617698,,,0.03341,,389.7,0.5714,,,,2.0,1,177.7280685754949,48.37223252847939,17.67378965103215,0.0,0.0,0.0,0.0,0.0,0.0004782433818991,0.0001120314990355,0.7881567523567945,8.893930186626696,5.283378413878381e-05,yes
3,J23318+199E,V* EQ Peg A,GJ 896 A,"EQ Peg A, BD+19 5116 A, LMP 24 A, WIR 1 A",BD+19  5116A,896A,23:31:52.17,+19:56:14.1,6.26317647,1.1,51.42857142857143,0.4314,0.43589,M4Ve,,GJ 896 Ab,718.228,,2.26,,,284.39,0.64282,0.35,69.2,,2.0,1,352.9706776360548,19.936938984490645,5.641471032140746,0.0033262648507372,0.000229708345621,0.997228095065932,1.4237223946824835,0.0001326575729763,0.0011446883707026,0.0001972650246753,0.6727705149361349,0.2511090201190988,8.163558231899515e-05,yes
4,J02002+130,TZ Ari,GJ 9066,TZ Ari,V* TZ Ari,83.1,02:00:12.96,+13:03:07.0,4.46963157,2.0,51.42857142857143,0.15939,0.14415,M4.5,3154.0,GJ 9066 b,30.89016,,,0.0972,,241.883,0.403,0.18,,,2.0,1,30.060000923468955,13.0424753581672,20.226451200007283,0.0,0.0,0.0,0.0,0.0,0.0005548339717938,0.00018006019465,0.803337287822354,20.47923398264104,8.568327029934153e-05,yes
5,J02002+130,TZ Ari,GJ 9066,TZ Ari,V* TZ Ari,83.1,02:00:12.96,+13:03:07.0,4.46963157,2.0,51.42857142857143,0.15939,0.14415,M4.5,3154.0,GJ 9066 c,73.09400000000001,,,0.23,,772.05,0.88,0.49,,,2.0,1,30.060000923468955,13.0424753581672,20.226451200007283,0.0,0.0,0.0,0.0,0.0,0.0005548339717938,0.00018006019465,0.803337287822354,20.47923398264104,8.568327029934153e-05,yes
6,J07274+052,Luyten's Star,Luyten's Star,GJ 273,BD+05  1668,273,07:27:24.50,+05:13:32.8,3.78605893,93.5,51.42857142857143,0.2889,0.281,M3.5V,3382.0,Luyten's Star b,2.9301160000000004,,0.00922,0.0069,,18.64,0.091,0.1,80.0,,2.0,1,111.85514515643086,5.206057305726974,36.265043911685176,0.0,0.0,0.0,0.0,0.0,0.0005941648837017,0.0002434438497271,0.8942930299591979,33.27027188865826,0.00012911009253,yes
7,J07274+052,Luyten's Star,Luyten's Star,GJ 273,BD+05  1668,273,07:27:24.50,+05:13:32.8,3.78605893,93.5,51.42857142857143,0.2889,0.281,M3.5V,3382.0,Luyten's Star c,1.188572,,0.00374,0.0038,,4.72322,0.036,0.17,80.0,,2.0,1,111.85514515643086,5.206057305726974,36.265043911685176,0.0,0.0,0.0,0.0,0.0,0.0005941648837017,0.0002434438497271,0.8942930299591979,33.27027188865826,0.00012911009253,yes
8,J07274+052,Luyten's Star,Luyten's Star,GJ 273,BD+05  1668,273,07:27:24.50,+05:13:32.8,3.78605893,93.5,51.42857142857143,0.2889,0.281,M3.5V,3382.0,Luyten's Star d,10.957744,,0.03448,0.034,,413.9,0.712,0.0,80.0,,2.0,1,111.85514515643086,5.206057305726974,36.265043911685176,0.0,0.0,0.0,0.0,0.0,0.0005941648837017,0.0002434438497271,0.8942930299591979,33.27027188865826,0.00012911009253,yes
9,J07274+052,Luyten's Star,Luyten's Star,GJ 273,BD+05  1668,273,07:27:24.50,+05:13:32.8,3.78605893,93.5,51.42857142857143,0.2889,0.281,M3.5V,3382.0,Luyten's Star e,9.43866,,0.0297,0.0293,,542.0,0.849,0.0,80.0,,2.0,1,111.85514515643086,5.206057305726974,36.265043911685176,0.0,0.0,0.0,0.0,0.0,0.0005941648837017,0.0002434438497271,0.8942930299591979,33.27027188865826,0.00012911009253,yes
10,J09449-123,G 161-071,2M J0944,"G 161-71, 2MASS J09445422-1220544",G 161-71,,09:44:54.19,-12:20:54.4,13.14908754,0.44,51.42857142857143,0.3183,0.1672,M5V,3003.0,2M J0944 b,95.34,,0.3,,,,93.0,,,,2.0,1,,,,,,,,,,,,,,no
11,J20451-313,AU Mic,AU Mic,,V* AU Mic,803,20:45:09.53,-31:20:27.2,9.71409558,4.89,51.42857142857143,0.8621,0.6057,M1V,3700.0,AU Mic b,8.8984,4.78576,0.028,,0.4273,8.463446,0.07,0.07,88.4,,2.0,1,,,,,,,,,,,,,,no
12,J20451-313,AU Mic,AU Mic,,V* AU Mic,803,20:45:09.53,-31:20:27.2,9.71409558,4.89,51.42857142857143,0.8621,0.6057,M1V,3700.0,AU Mic c,14.49168,2.51776,0.0456,,0.2248,18.859023,0.119,0.18,89.09,,2.0,1,,,,,,,,,,,,,,no
13,J20451-313,AU Mic,AU Mic,,V* AU Mic,803,20:45:09.53,-31:20:27.2,9.71409558,4.89,51.42857142857143,0.8621,0.6057,M1V,3700.0,AU Mic d,1.0128286000000002,,0.003187,,,12.73812,,0.00097,88.1,,2.0,1,,,,,,,,,,,,,,no
14,J20451-313,AU Mic,AU Mic,,V* AU Mic,803,20:45:09.53,-31:20:27.2,9.71409558,4.89,51.42857142857143,0.8621,0.6057,M1V,3700.0,AU Mic e,35.275800000000004,,,0.111,,33.4,,,,,2.0,1,,,,,,,,,,,,,,no
15,J17578+046,Barnard's Star,Barnard's star,"GJ 699, V2500 Oph",NAME Barnard's star,699,17:57:48.50,+04:41:36.3,1.82823398,145.0,51.42857142857143,0.18664,0.1729,M4V,3195.0,Barnard's star b,0.2990498,,,0.000941,,3.1542,0.02294,0.03,,,2.0,1,,,,,,,,,,,,,,no
16,J17578+046,Barnard's Star,Barnard's star,"GJ 699, V2500 Oph",NAME Barnard's star,699,17:57:48.50,+04:41:36.3,1.82823398,145.0,51.42857142857143,0.18664,0.1729,M4V,3195.0,Barnard's star c,0.3349612,,,0.001054,,4.1244,0.0274,0.08,,,2.0,1,,,,,,,,,,,,,,no
17,J17578+046,Barnard's Star,Barnard's star,"GJ 699, V2500 Oph",NAME Barnard's star,699,17:57:48.50,+04:41:36.3,1.82823398,145.0,51.42857142857143,0.18664,0.1729,M4V,3195.0,Barnard's star d,0.2628206,,,0.000827,,2.3402,0.0188,0.04,,,2.0,1,,,,,,,,,,,,,,no
18,J17578+046,Barnard's Star,Barnard's star,"GJ 699, V2500 Oph",NAME Barnard's star,699,17:57:48.50,+04:41:36.3,1.82823398,145.0,51.42857142857143,0.18664,0.1729,M4V,3195.0,Barnard's star e,0.19068,,,0.0006,,6.7392,0.0381,0.04,,,2.0,1,,,,,,,,,,,,,,no
19,J17578+046,Barnard's Star,Barnard's star,"GJ 699, V2500 Oph",NAME Barnard's star,699,17:57:48.50,+04:41:36.3,1.82823398,145.0,51.42857142857143,0.18664,0.1729,M4V,3195.0,Barnard's Star f,238.35,,0.75,,,,5.5,,,,2.0,1,,,,,,,,,,,,,,no
20,J03133+047,CD Cet,CD Cet,GJ 1057,V* CD Cet,1057,03:13:22.92,+04:46:29.3,8.60083253,126.2,51.42857142857143,0.17532,0.161,M5.0,3130.0,CD Cet b,3.953432,,0.01244,0.01243,,2.2907,0.0185,,87.48,,2.0,1,,,,,,,,,,,,,,no
21,J06024+498,G 192-015,G 192-15,GJ 3380,G 192-15,3380,06:02:29.19,+49:51:56.2,9.52753306,105.0,51.42857142857143,0.14768,0.1318,M6V,2999.0,G 192-15 b,1.029672,,,0.00324,,2.27476,0.01723,0.0,,,2.0,1,,,,,,,,,,,,,,no
22,J06024+498,G 192-015,G 192-15,GJ 3380,G 192-15,3380,06:02:29.19,+49:51:56.2,9.52753306,105.0,51.42857142857143,0.14768,0.1318,M6V,2999.0,G 192-15 c,14.301,,,0.045,,1219.0,1.137,0.676,,,2.0,1,,,,,,,,,,,,,,no
23,J19242+755,GJ 1238,G 261-6,GJ 1238,G 261-6,1238,19:24:16.31,+75:33:11.8,10.63068065,114.0,51.42857142857143,0.1342,0.1175,M6V,2907.0,G 261-6 b,1.369718,,,0.00431,,5.4536,0.02971,0.0,,,2.0,1,,,,,,,,,,,,,,no
24,J21466+668,G 264-012,G 264-012,,G 264-12,,21:46:40.24,+66:48:10.6,15.98633045,100.0,51.42857142857143,0.29295,0.2851,M4.0V,3326.0,G 264-012 b,2.5106200000000003,,,0.0079,,2.30538,0.02279,,,,2.0,1,,,,,,,,,,,,,,no
25,J21466+668,G 264-012,G 264-012,,G 264-12,,21:46:40.24,+66:48:10.6,15.98633045,100.0,51.42857142857143,0.29295,0.2851,M4.0V,3326.0,G 264-012 c,3.75004,,,0.0118,,8.0518,0.0525,,,,2.0,1,,,,,,,,,,,,,,no
26,J01048-181,GJ 1028,G 268-110,GJ 1028,G 268-110,1028,01:04:53.80,-18:07:28.6,9.77682,143.2,51.42857142857143,0.15294,0.13734,M6V,,G 268-110 b,1.519084,,,0.00478,,1.43263,0.01283,0.0,,,2.0,1,,,,,,,,,,,,,,no
27,J08588+210,G 9-40,G 9-40,"2MASS J08585232+2104344, EPIC 212048748, K2-313, LSPM J0858+2104, TIC 203214081, WISE J085852.46+210430.8",G   9-40,,08:58:52.33,+21:04:34.2,27.8320420882,29.85,51.42857142857143,0.30255,0.2952,M2.5 V,3348.0,G 9-40 b,4.1314,1.904,0.013,,0.17,5.7459982,0.0418,0.0,89.03,,2.0,1,,,,,,,,,,,,,,no
28,J00067-075,GJ 1002,GJ 1002,,G 158-27,1002,00:06:43.20,-07:32:17.0,4.84613429,126.0,51.42857142857143,0.12264,0.10536,M5.5V,,GJ 1002 b,1.08052,,,0.0034,,10.3465,0.0457,,,,2.0,1,,,,,,,,,,,,,,no
29,J00067-075,GJ 1002,GJ 1002,,G 158-27,1002,00:06:43.20,-07:32:17.0,4.84613429,126.0,51.42857142857143,0.12264,0.10536,M5.5V,,GJ 1002 c,1.360184,,,0.00428,,20.202,0.0738,,,,2.0,1,,,,,,,,,,,,,,no
30,J04587+509,LP 157-045,GJ 1074,,G 191-15,1074,04:58:45.99,+50:56:37.8,21.05405842,30.48,51.42857142857143,0.5228,0.5276,M1V,2071.0,GJ 1074 b,5.0848,,,0.016,,7.14,,,,,2.0,1,,,,,,,,,,,,,,no
31,J17153+049,GJ 1214,GJ 1214,,G 139-21,1214,17:15:18.93,+04:57:50.1,14.64157828,,51.42857142857143,0.20237,0.1895,M,3026.0,GJ 1214 b,8.170638,2.739856,0.02571,,0.24463,1.580404497,0.01411,0.27,88.17,,2.0,1,,,,,,,,,,,,,,no
32,J22137-176,LP 819-052,GJ 1265,,L  788-37,1265,22:13:42.86,-17:41:08.7,10.23790701,116.4,51.42857142857143,0.1891,0.17545,M4.5V,3236.0,GJ 1265 b,7.40474,,,0.0233,,3.6511,0.026,0.04,,,2.0,1,,,,,,,,,,,,,,no
33,J23431+365,GJ 1289,GJ 1289,"G 130-4, LHS 4003",G 130-4,1289,23:43:06.31,+36:32:13.1,8.36264404,83.6,51.42857142857143,0.23008,0.21874,M4.5Ve,3175.0,GJ 1289 b,6.270194000000001,,,0.01973,,111.74,0.27,0.0,,,2.0,1,,,,,,,,,,,,,,no
34,J04429+189,HD 285968,GJ 176,,HD 285968,176,04:42:55.77,+18:57:29.4,9.48519267,40.7,51.42857142857143,0.4612,0.4626,M2.5V,,GJ 176 b,7.945,,,0.025,,8.7748,0.066,0.08,,,2.0,1,,,,,,,,,,,,,,no
35,J04429+189,HD 285968,GJ 176,,HD 285968,176,04:42:55.77,+18:57:29.4,9.48519267,40.7,51.42857142857143,0.4612,0.4626,M2.5V,,GJ 176 c,7.40474,,,0.0233,,28.586,0.146,0.02,,,2.0,1,,,,,,,,,,,,,,no
36,J04520+064,Wolf 1539,GJ 179,,Wolf 1539,179,04:52:05.73,+06:28:35.6,12.41274919,,51.42857142857143,0.36178,0.3577,M3.5,3370.0,GJ 179 b,234.88598,,,0.7391,,2288.0,2.41,0.21,,,2.0,1,,,,,,,,,,,,,,no
37,J04520+064,Wolf 1539,GJ 179,,Wolf 1539,179,04:52:05.73,+06:28:35.6,12.41274919,,51.42857142857143,0.36178,0.3577,M3.5,3370.0,GJ 179 c,4.89412,,,0.0154,,3.4798,0.032,0.04,,,2.0,1,,,,,,,,,,,,,,no
38,J04538-177,GJ 180,GJ 180,,L  736-30,180,04:53:49.98,-17:46:24.3,11.94890667,53.1,51.42857142857143,0.4004,0.398,M2V,3371.0,GJ 180 b,6.750071999999999,,,0.02124,,17.132,0.092,0.02,,,2.0,1,,,,,,,,,,,,,,no
39,J04538-177,GJ 180,GJ 180,,L  736-30,180,04:53:49.98,-17:46:24.3,11.94890667,53.1,51.42857142857143,0.4004,0.398,M2V,3371.0,GJ 180 c,6.39939590347792,,,0.0201365509864,,24.329,0.129,0.09,,,2.0,1,,,,,,,,,,,,,,no
40,J04538-177,GJ 180,GJ 180,,L  736-30,180,04:53:49.98,-17:46:24.3,11.94890667,53.1,51.42857142857143,0.4004,0.398,M2V,3371.0,GJ 180 d,7.490546,,,0.02357,,106.341,0.31,0.16,,,2.0,1,,,,,,,,,,,,,,no
41,J00268+701,GJ 21,GJ 21,,MCC 357,21,00:26:52.70,+70:08:32.7,16.16210973,17.4,51.42857142857143,0.527,0.5321,M1V,1893.0,GJ 21 b,5.78396,,,0.0182,,30.3,,,,,2.0,1,,,,,,,,,,,,,,no
42,J06105-218,HD  42581,GJ 229,"HD 42581, NAJ 1",HD  42581,229A,06:10:34.61,-21:51:52.7,5.76123199,,51.42857142857143,0.53887,0.5446,M1V,3564.0,GJ 229 c,10.020234,,,0.03153,,523.242,0.896,0.17,,,2.0,1,,,,,,,,,,,,,,no
43,J06105-218,HD  42581,GJ 229,"HD 42581, NAJ 1",HD  42581,229A,06:10:34.61,-21:51:52.7,5.76123199,,51.42857142857143,0.53887,0.5446,M1V,3564.0,GJ 229 d,7.92911,,,0.02495,,122.005,0.339,0.29,,,2.0,1,,,,,,,,,,,,,,no
44,J06548+332,Wolf 294,GJ 251,,HD 265866,251,06:54:48.96,+33:16:05.4,5.58462867,122.1,51.42857142857143,0.34759,0.3427,M3.0V,3451.0,GJ 251 b,4.1314,,,0.013,,14.238,0.0818,0.1,,,2.0,1,,,,,,,,,,,,,,no
45,J08126-215,GJ 300,GJ 300,,L  674-15,300,08:12:40.89,-21:33:07.0,8.11666607,,51.42857142857143,0.27152,0.2625,M3.5V,,GJ 300 b,7.3094,,,0.023,,8.33,,,,,2.0,1,,,,,,,,,,,,,,no
46,J08409-234,LP 844-008,GJ 317,,L  675-81,317,08:40:59.21,-23:27:22.6,15.17976054,57.5,51.42857142857143,0.40334,0.4016,M3.5,3510.0,GJ 317 b,959.756,,3.02,1.688,,695.69,1.151,0.0826,,,2.0,1,,,,,,,,,,,,,,no
47,J08409-234,LP 844-008,GJ 317,,L  675-81,317,08:40:59.21,-23:27:22.6,15.17976054,57.5,51.42857142857143,0.40334,0.4016,M3.5,3510.0,GJ 317 c,813.5680000000001,,2.56,1.43,,6500.0,5.04,0.217,,,2.0,1,,,,,,,,,,,,,,no
48,J08551+015,BD+02 2098,GJ 328,,BD+02  2098,328,08:55:07.62,+01:32:47.4,20.51684635,,51.42857142857143,0.6862,0.7,K7,3900.0,GJ 328 b,730.9399999999999,,,2.3,,4100.0,4.5,0.37,,,2.0,1,,,,,,,,,,,,,,no
49,J08551+015,BD+02 2098,GJ 328,,BD+02  2098,328,08:55:07.62,+01:32:47.4,20.51684635,,51.42857142857143,0.6862,0.7,K7,3900.0,GJ 328 c,21.38794,,,0.0673,,241.8,0.657,,,,2.0,1,,,,,,,,,,,,,,no
50,J05019-069,LP 656-038,GJ 3323,,LP  656-38,3323,05:01:57.43,-06:56:46.4,5.37499664,93.87,51.42857142857143,0.18657,0.17282,M4,3159.0,GJ 3323 b,2.021208,,,0.00636,,5.3636,0.03282,0.23,,,2.0,1,,,,,,,,,,,,,,no
51,J05019-069,LP 656-038,GJ 3323,,LP  656-38,3323,05:01:57.43,-06:56:46.4,5.37499664,93.87,51.42857142857143,0.18657,0.17282,M4,3159.0,GJ 3323 c,2.3104060000000004,,,0.00727,,40.54,0.1264,0.17,,,2.0,1,,,,,,,,,,,,,,no
52,J06011+595,G 192-013,GJ 3378,"G 192-13, LHS 1805",G 192-13,3378,06:01:11.05,+59:35:49.9,7.73386824,,51.42857142857143,0.25936,0.2496,M4V,3280.0,GJ 3378 b,5.25959,,,0.01655,,24.728,0.106,0.36,,,2.0,1,,,,,,,,,,,,,,no
53,J07590+153,LP 424-004,GJ 3470,,LP  424-4,3470,07:59:05.84,+15:23:29.2,29.39687196,20.7,51.42857142857143,0.4775,0.4798,M1.5,3652.0,GJ 3470 b,13.887860000000002,4.348512,0.0437,,0.38826,3.336649,0.03557,0.019,88.3,,2.0,1,,,,,,,,,,,,,,no
54,J08413+594,LP 090-018,GJ 3512,,G 234-45,3512,08:41:20.13,+59:29:50.4,9.49726189,88.65,51.42857142857143,0.13897,0.12259,M5.5V,3081.0,GJ 3512 b,247.884,,0.78,0.461,,203.109,0.3376,0.4279,,,2.0,1,,,,,,,,,,,,,,no
55,J08413+594,LP 090-018,GJ 3512,,G 234-45,3512,08:41:20.13,+59:29:50.4,9.49726189,88.65,51.42857142857143,0.13897,0.12259,M5.5V,3081.0,GJ 3512 c,244.706,,0.77,0.453,,2354.0,1.731,0.089,,,2.0,1,,,,,,,,,,,,,,no
56,J09360-216,GJ 357,GJ 357,"L 678-39, Gliese 357, TOI 562",L  678-39,357,09:36:01.64,-21:39:38.9,9.43583972,74.3,51.42857142857143,0.34614,0.3412,M2.5 V,3505.0,GJ 357 b,2.0866748,1.166032,0.006566,,0.10411,3.93086,0.033,0.047,88.496,,2.0,1,,,,,,,,,,,,,,no
57,J09360-216,GJ 357,GJ 357,"L 678-39, Gliese 357, TOI 562",L  678-39,357,09:36:01.64,-21:39:38.9,9.43583972,74.3,51.42857142857143,0.34614,0.3412,M2.5 V,3505.0,GJ 357 c,3.680124,,,0.01158,,9.1246,0.0607,0.072,,,2.0,1,,,,,,,,,,,,,,no
58,J09360-216,GJ 357,GJ 357,"L 678-39, Gliese 357, TOI 562",L  678-39,357,09:36:01.64,-21:39:38.9,9.43583972,74.3,51.42857142857143,0.34614,0.3412,M2.5 V,3505.0,GJ 357 d,7.214060000000001,,,0.0227,,55.698,0.204,0.033,,,2.0,1,,,,,,,,,,,,,,no
59,J13229+244,Ross 1020,GJ 3779,,Ross 1020,3779,13:22:56.75,+24:28:03.6,13.75014265,95.0,51.42857142857143,0.27832,0.2696,M4V C,3324.0,GJ 3779 b,8.008560000000001,,,0.0252,,3.0232,0.026,0.07,,,2.0,1,,,,,,,,,,,,,,no
60,J14023+136,MCC 150,GJ 3822,,MCC 150,3822,14:02:19.62,+13:41:22.7,20.35861691,18.3,51.42857142857143,0.5847,0.593,M1V,2088.0,GJ 3822 b,20.91124,,,0.0658,,25.151,,,,,2.0,1,,,,,,,,,,,,,,no
61,J15583+354,G 180-018,GJ 3929,TOI-2013,G 180-18,3929,15:58:18.80,+35:24:24.3,15.82963372,57.22,51.42857142857143,0.29579,0.2881,M3.5V,3369.0,GJ 3929 b,1.210818,1.14912,0.00381,,0.1026,2.6162745,0.02569,,89.65,,2.0,1,,,,,,,,,,,,,,no
62,J15583+354,G 180-018,GJ 3929,TOI-2013,G 180-18,3929,15:58:18.80,+35:24:24.3,15.82963372,57.22,51.42857142857143,0.29579,0.2881,M3.5V,3369.0,GJ 3929 c,5.269124000000001,,,0.01658,,14.303,0.078,,,,2.0,1,,,,,,,,,,,,,,no
63,J10289+008,BD+01 2447,GJ 393,Gl 393,BD+01  2447,393,10:28:55.55,+00:50:27.6,7.03753821,31.72,51.42857142857143,0.41427,0.413,M2.0V,3579.0,GJ 393 b,1.709764,,,0.00538,,7.02679,0.05402,,,,2.0,1,,,,,,,,,,,,,,no
64,J16090+529,MCC 759,GJ 3942,,MCC 759,3942,16:09:03.14,+52:56:38.0,16.9499861,16.3,51.42857142857143,0.5884,0.597,M0,3867.0,GJ 3942 b,7.1505,,,0.0225,,6.905,0.0608,0.121,,,2.0,1,,,,,,,,,,,,,,no
65,J16090+529,MCC 759,GJ 3942,,MCC 759,3942,16:09:03.14,+52:56:38.0,16.9499861,16.3,51.42857142857143,0.5884,0.597,M0,3867.0,GJ 3942 c,6.32422,,,0.0199,,10.378,0.0798,,,,2.0,1,,,,,,,,,,,,,,no
66,J17033+514,G 203-042,GJ 3988,,G 203-42,3988,17:03:23.88,+51:24:22.9,9.90811551,,51.42857142857143,0.19734,0.1842,M4.5V,3273.0,GJ 3988 b,3.689658,,,0.01161,,6.9442,0.0405,0.0,,,2.0,1,,,,,,,,,,,,,,no
67,J17160+110,BD+11 3149,GJ 3998,,BD+11  3149,3998,17:16:00.64,+11:03:27.6,18.17622606,33.6,51.42857142857143,0.5285,0.5337,M1,3722.0,GJ 3998 b,2.5106200000000003,,,0.0079,,2.65033,0.03,0.0,,,2.0,1,,,,,,,,,,,,,,no
68,J17160+110,BD+11 3149,GJ 3998,,BD+11  3149,3998,17:16:00.64,+11:03:27.6,18.17622606,33.6,51.42857142857143,0.5285,0.5337,M1,3722.0,GJ 3998 c,6.819988,,,0.02146,,13.73,0.09,0.049,,,2.0,1,,,,,,,,,,,,,,no
69,J17160+110,BD+11 3149,GJ 3998,,BD+11  3149,3998,17:16:00.64,+11:03:27.6,18.17622606,33.6,51.42857142857143,0.5285,0.5337,M1,3722.0,GJ 3998 d,6.06998,,,0.0191,,41.78,0.189,0.0,,,2.0,1,,,,,,,,,,,,,,no
70,J22252+594,G 232-070,GJ 4276,,G 232-70,4276,22:25:17.07,+59:24:49.8,21.30357437,64.6,51.42857142857143,0.39986,0.3979,M4,3387.0,GJ 4276 b,15.28618,,,0.0481,,13.35,0.082,0.043,,,2.0,1,,,,,,,,,,,,,,no
71,J22252+594,G 232-070,GJ 4276,,G 232-70,4276,22:25:17.07,+59:24:49.8,21.30357437,64.6,51.42857142857143,0.39986,0.3979,M4,3387.0,GJ 4276 c,4.2903,,,0.0135,,6.675,0.052,0.07,,,2.0,1,,,,,,,,,,,,,,no
72,J11421+267,Ross 905,GJ 436,,Ross  905,436,11:42:11.09,+26:42:23.7,9.77503868,44.6,51.42857142857143,0.41423,0.4131,M2.5,3684.0,GJ 436 b,18.546808,3.642128,0.05836,,0.32519,2.64394,0.02887,0.1912,85.8,,2.0,1,,,,,,,,,,,,,,no
73,J11421+267,Ross 905,GJ 436,,Ross  905,436,11:42:11.09,+26:42:23.7,9.77503868,44.6,51.42857142857143,0.41423,0.4131,M2.5,3684.0,GJ 436 c,0.28602,0.6607999999999999,0.0009,,0.059,1.365862,0.0185,,86.7,,2.0,1,,,,,,,,,,,,,,no
74,J12230+640,Ross 690,GJ 463,,Ross  690,463,12:23:00.16,+64:01:51.0,18.36636569,32.9,51.42857142857143,0.48288,0.4855,M3V,3540.0,GJ 463 b,1144.0800000000002,,3.6,1.649,,3459.0,3.53,0.146,152.0,,2.0,1,,,,,,,,,,,,,,no
75,J12388+116,Wolf 433,GJ 480,Wolf 433,Wolf  433,480,12:38:52.44,+11:41:46.1,14.26250759,55.35,51.42857142857143,0.44781,0.4485,M3.5V,3381.0,GJ 480 b,8.80306,,,0.0277,,9.5536,0.068,0.1,,,2.0,1,,,,,,,,,,,,,,no
76,J12388+116,Wolf 433,GJ 480,Wolf 433,Wolf  433,480,12:38:52.44,+11:41:46.1,14.26250759,55.35,51.42857142857143,0.44781,0.4485,M3.5V,3381.0,GJ 480 c,2.7013000000000003,,,0.0085,,6.4349,0.052,,,,2.0,1,,,,,,,,,,,,,,no
77,J12479+097,Wolf 437,GJ 486,,Wolf  437,486,12:47:56.62,+09:45:05.0,8.07913429,,51.42857142857143,0.31594,0.3093,M3.5V,3340.0,GJ 486 b,2.818886,1.304016,0.00887,,0.11643,1.467119,0.01734,0.05,88.4,,2.0,1,,,,,,,,,,,,,,no
78,J13209+342,BD+35 2439,GJ 508.2,GJ 9442,BD+35  2439,508.2,13:20:58.05,+34:16:44.2,16.65850184,,51.42857142857143,0.532,0.537,M1V,3720.0,GJ 508.2 b,1906.8,,6.0,1.85,,5300.0,4.85,0.27,,,2.0,1,,,,,,,,,,,,,,no
79,J14010-026,HD 122303,GJ 536,,HD 122303,536,14:01:03.19,-02:39:17.5,10.42128399,43.9,51.42857142857143,0.50456,0.5084,M1,3685.0,GJ 536 b,5.370819999999999,,,0.0169,,8.7076,0.06661,0.08,,,2.0,1,,,,,,,,,,,,,,no
80,J14010-026,HD 122303,GJ 536,,HD 122303,536,14:01:03.19,-02:39:17.5,10.42128399,43.9,51.42857142857143,0.50456,0.5084,M1,3685.0,GJ 536 c,5.888834000000001,,,0.01853,,32.761,0.1617,0.0,,,2.0,1,,,,,,,,,,,,,,no
81,J14257+236W,BD+24 2733A,GJ 548A,,BD+24  2733,548A,14:25:43.47,+23:37:01.5,16.33016352,111.0,51.42857142857143,0.60546,0.6149,M3V,909.0,GJ 548A b,3019.1,,,9.5,,13.08,,,,,2.0,1,,,,,,,,,,,,,,no
82,J15194-077,HO Lib,GJ 581,HO Lib,BD-07  4003,581,15:19:26.83,-07:43:20.2,6.30047178,132.5,51.42857142857143,0.30242,0.2951,M2.5V,3498.0,GJ 581 b,20.4981,,0.0645,0.04782,,5.368,0.041,0.022,47.0,,2.0,1,,,,,,,,,,,,,,no
83,J15194-077,HO Lib,GJ 581,HO Lib,BD-07  4003,581,15:19:26.83,-07:43:20.2,6.30047178,132.5,51.42857142857143,0.30242,0.2951,M2.5V,3498.0,GJ 581 c,6.810454000000001,,0.02143,0.017783,,12.919,0.074,0.087,47.0,,2.0,1,,,,,,,,,,,,,,no
84,J15194-077,HO Lib,GJ 581,HO Lib,BD-07  4003,581,15:19:26.83,-07:43:20.2,6.30047178,132.5,51.42857142857143,0.30242,0.2951,M2.5V,3498.0,GJ 581 d,6.0382,,0.019,,,66.64,0.22,0.205,,,2.0,1,,,,,,,,,,,,,,no
85,J15194-077,HO Lib,GJ 581,HO Lib,BD-07  4003,581,15:19:26.83,-07:43:20.2,6.30047178,132.5,51.42857142857143,0.30242,0.2951,M2.5V,3498.0,GJ 581 e,2.47884,,0.0078,0.005214,,3.153,0.029,0.125,47.0,,2.0,1,,,,,,,,,,,,,,no
86,J15194-077,HO Lib,GJ 581,HO Lib,BD-07  4003,581,15:19:26.83,-07:43:20.2,6.30047178,132.5,51.42857142857143,0.30242,0.2951,M2.5V,3498.0,GJ 581 f,7.3094,,0.023,,,433.0,0.758,,,,2.0,1,,,,,,,,,,,,,,no
87,J15194-077,HO Lib,GJ 581,HO Lib,BD-07  4003,581,15:19:26.83,-07:43:20.2,6.30047178,132.5,51.42857142857143,0.30242,0.2951,M2.5V,3498.0,GJ 581 g,3.1780000000000004,,0.01,,,36.652,0.14601,,,,2.0,1,,,,,,,,,,,,,,no
88,J16254+543,GJ 625,GJ 625,,G 202-48,625,16:25:24.62,+54:18:14.8,6.47877072,76.79,51.42857142857143,0.30727,0.3002,M2,3499.0,GJ 625 b,3.0191,,,0.0095,,14.6288,0.078399,0.13,,,2.0,1,,,,,,,,,,,,,,no
89,J16581+257,BD+25 3173,GJ 649,,BD+25  3173,649,16:58:08.85,+25:44:39.0,10.39140881,23.8,51.42857142857143,0.49586,0.4992,M1.5,3700.0,GJ 649 b,104.2384,,,0.328,,598.3,1.135,0.3,,,2.0,1,,,,,,,,,,,,,,no
90,J16581+257,BD+25 3173,GJ 649,,BD+25  3173,649,16:58:08.85,+25:44:39.0,10.39140881,23.8,51.42857142857143,0.49586,0.4992,M1.5,3700.0,GJ 649 c,9.534,,,0.03,,4.4762,0.043,0.2,,,2.0,1,,,,,,,,,,,,,,no
91,J17052-050,Wolf 636,GJ 654,,HD 154363B,654,17:05:13.78,-05:05:39.2,10.46466197,50.2,51.42857142857143,0.47577,0.478,M1.5V,,GJ 654 b,5.1102240000000005,,,0.01608,,15.35,,,,,2.0,1,,,,,,,,,,,,,,no
92,J17364+683,BD+68 946,GJ 687,,BD+68   946,687,17:36:25.90,+68:20:20.9,4.54980225,56.5,51.42857142857143,0.4326,0.4325,M3.5V,3413.0,GJ 687 b,17.192980000000002,,,0.0541,,38.142,0.163,0.17,,,2.0,1,,,,,,,,,,,,,,no
93,J17364+683,BD+68 946,GJ 687,,BD+68   946,687,17:36:25.90,+68:20:20.9,4.54980225,56.5,51.42857142857143,0.4326,0.4325,M3.5V,3413.0,GJ 687 c,15.89,,,0.05,,727.562,1.165,0.4,,,2.0,1,,,,,,,,,,,,,,no
94,J18409-133,BD-13 5069,GJ 724,,BD-13  5069,724,18:40:57.31,-13:22:46.6,16.99490431,28.23,51.42857142857143,0.52226,0.5271,M1V,3799.0,GJ 724 b,10.747996,,,0.03382,,5.101284,0.04685,0.577,,,2.0,1,,,,,,,,,,,,,,no
95,J18580+059,BD+05 3993,GJ 740,,HD 176029,740,18:58:00.14,+05:54:29.2,11.10850024,35.2,51.42857142857143,0.57625,0.584,M1V,,GJ 740 b,2.958718,,,0.00931,,2.37756,0.029,0.24,,,2.0,1,,,,,,,,,,,,,,no
96,J22096-046,BD-05 5715,GJ 849,,BD-05  5715,849,22:09:40.34,-04:38:26.7,8.81486584,39.2,51.42857142857143,0.45298,0.454,M3.5V,,GJ 849 b,286.02000000000004,,,0.9,,1914.0,2.35,0.012,,,2.0,1,,,,,,,,,,,,,,no
97,J22096-046,BD-05 5715,GJ 849,,BD-05  5715,849,22:09:40.34,-04:38:26.7,8.81486584,39.2,51.42857142857143,0.45298,0.454,M3.5V,,GJ 849 c,244.706,,,0.77,,7049.0,,0.218,,,2.0,1,,,,,,,,,,,,,,no
98,J22532-142,IL Aqr,GJ 876,,BD-15  6290,876,22:53:16.73,-14:15:49.3,4.67206782,81.0,51.42857142857143,0.32134,0.315,M4 V,3350.0,GJ 876 b,1144.0800000000002,,3.6,,,61.03474,0.214,0.002,101.0,,2.0,1,,,,,,,,,,,,,,no
99,J22532-142,IL Aqr,GJ 876,,BD-15  6290,876,22:53:16.73,-14:15:49.3,4.67206782,81.0,51.42857142857143,0.32134,0.315,M4 V,3350.0,GJ 876 c,221.8244,,,0.698,,30.126,0.134,0.25,,,2.0,1,,,,,,,,,,,,,,no
100,J22532-142,IL Aqr,GJ 876,,BD-15  6290,876,22:53:16.73,-14:15:49.3,4.67206782,81.0,51.42857142857143,0.32134,0.315,M4 V,3350.0,GJ 876 d,6.9092898,,0.021741,,,1.938,0.021,0.082,59.0,,2.0,1,,,,,,,,,,,,,,no
101,J22532-142,IL Aqr,GJ 876,,BD-15  6290,876,22:53:16.73,-14:15:49.3,4.67206782,81.0,51.42857142857143,0.32134,0.315,M4 V,3350.0,GJ 876 e,15.429190000000002,,0.04855,,,124.4,0.345,0.04,59.0,,2.0,1,,,,,,,,,,,,,,no
102,J22532-142,IL Aqr,GJ 876,,BD-15  6290,876,22:53:16.73,-14:15:49.3,4.67206782,81.0,51.42857142857143,0.32134,0.315,M4 V,3350.0,GJ 876 f,7.945,,0.025,,,10.01,,0.09,,,2.0,1,,,,,,,,,,,,,,no
103,J22532-142,IL Aqr,GJ 876,,BD-15  6290,876,22:53:16.73,-14:15:49.3,4.67206782,81.0,51.42857142857143,0.32134,0.315,M4 V,3350.0,GJ 876 g,37.5004,,0.118,,,15.04,,0.007,,,2.0,1,,,,,,,,,,,,,,no
104,J12194+283,Wolf 408,GJ 9404,"BD+29 2279, HIP 60093",BD+29  2279,459.3,12:19:24.09,+28:22:56.5,23.865409,23.2,51.42857142857143,0.6628,0.6754,M0.5V,3861.0,GJ 9404 b,11.88572,,,0.0374,,13.4586,0.0943,0.49,,,2.0,1,,,,,,,,,,,,,,no
105,J20138+133,Ross 754,GJ 9689,,Ross  754,784.1,20:13:51.81,+13:23:19.7,30.68625614,35.7,51.42857142857143,0.6262,0.6367,M0.5V,3836.0,GJ 9689 b,9.648408000000002,,,0.03036,,18.27,0.1139,0.29,,,2.0,1,,,,,,,,,,,,,,no
106,J02222+478,BD+47 612,GJ 96,Gl96,BD+47   612,96,02:22:14.64,+47:52:48.1,11.95305482,29.5,51.42857142857143,0.56988,0.577,M0V,3785.0,GJ 96 b,19.659108,,,0.06186,,73.94,0.291,0.44,,,2.0,1,,,,,,,,,,,,,,no
107,J22125+085,Wolf 1014,GJ 9773,,Wolf 1014,9773,22:12:35.94,+08:33:11.6,15.9036992,,51.42857142857143,0.36193,0.3579,M3V,3528.0,GJ 9773 b,454.454,,1.43,0.543,,2965.0,2.921,0.218,,,2.0,1,,,,,,,,,,,,,,no
108,J10023+480,BD+48 1829,Gl 378,,BD+48  1829,378,10:02:21.75,+48:05:19.7,14.96003142,,51.42857142857143,0.58165,0.5897,M1,3879.0,Gl 378 b,13.020266,,,0.04097,,3.822,0.039435,0.109,,,2.0,1,,,,,,,,,,,,,,no
109,J11026+219,DS Leo,Gl 410,,V* DS Leo,410,11:02:38.34,+21:58:01.7,11.93827497,14.26,51.42857142857143,0.5352,0.5408,,3842.0,Gl 410 b,7.91322,,,0.0249,,6.019,0.0531,,,,2.0,1,,,,,,,,,,,,,,no
110,J11026+219,DS Leo,Gl 410,,V* DS Leo,410,11:02:38.34,+21:58:01.7,11.93827497,14.26,51.42857142857143,0.5352,0.5408,,3842.0,Gl 410 c,9.78824,,0.0308,,,18.76,0.113,,,,2.0,1,,,,,,,,,,,,,,no
111,J13299+102,BD+11 2576,Gl 514,,BD+11  2576,514,13:29:59.79,+10:22:37.8,7.6276868,30.0,51.42857142857143,0.47855,0.4809,M,3714.0,Gl 514 b,5.211920000000001,,,0.0164,,140.43,0.422,0.45,,,2.0,1,,,,,,,,,,,,,,no
112,J17378+185,BD+18 3421,Gl 686,,BD+18  3421,686,17:37:53.35,+18:35:30.2,8.15962801,35.02,51.42857142857143,0.428,0.4276,M1,3663.0,Gl 686 b,6.448162,,,0.02029,,15.53,0.0912,0.0,,,2.0,1,,,,,,,,,,,,,,no
113,J00158+135,GJ 12,Gliese 12,,G  32-5,12,00:15:49.24,+13:33:22.3,12.16636817,78.5,51.42857142857143,0.26878,0.2596,M3.5V,3253.0,Gliese 12 b,0.708694,0.90328,0.00223,,0.08065,12.761416,0.066,0.16,89.12,,2.0,1,,,,,,,,,,,,,,no
114,J06371+175,HD 260655,HD 260655,"TOI-4599, GJ 239",HD 260655,239,06:37:10.80,+17:33:53.3,9.99768099,37.5,51.42857142857143,0.43895,0.439,M0.0V,3803.0,HD 260655 b,2.138794,1.23872,0.00673,,0.1106,2.76953,0.02933,0.039,87.35,,2.0,1,,,,,,,,,,,,,,no
115,J06371+175,HD 260655,HD 260655,"TOI-4599, GJ 239",HD 260655,239,06:37:10.80,+17:33:53.3,9.99768099,37.5,51.42857142857143,0.43895,0.439,M0.0V,3803.0,HD 260655 c,3.089016,1.531824,0.00972,,0.13677,5.70588,0.04749,0.038,87.79,,2.0,1,,,,,,,,,,,,,,no
116,J01023-104,BD-11 192,HIP 4845,,BD-11   192,3072,01:02:21.13,-10:25:25.9,21.10483576,,51.42857142857143,0.6608,0.6732,M0V,,HIP 4845 b,14.39634,,,0.0453,,34.15,0.176,0.25,,,2.0,1,,,,,,,,,,,,,,no
117,J09561+627,BD+63 869,HIP 48714,,BD+63   869,373,09:56:08.67,+62:47:18.5,10.52103169,,51.42857142857143,0.58,0.588,M0.5V,,HIP 48714 b,22.91338,,,0.0721,,17.818,0.112,0.5,,,2.0,1,,,,,,,,,,,,,,no
118,J11417+427,Ross 1003,HIP 57050,"GJ 1148, 2MASS J11414471+4245072",Ross 1003,1148,11:41:44.64,+42:45:07.1,11.02662223,71.5,51.42857142857143,0.35193,0.3473,M4V,3358.0,HIP 57050 b,96.6112,,,0.304,,41.38,0.166,0.375,,,2.0,1,,,,,,,,,,,,,,no
119,J11417+427,Ross 1003,HIP 57050,"GJ 1148, 2MASS J11414471+4245072",Ross 1003,1148,11:41:44.64,+42:45:07.1,11.02662223,71.5,51.42857142857143,0.35193,0.3473,M4V,3358.0,HIP 57050 c,72.1406,,,0.227,,532.635,0.91,0.375,,,2.0,1,,,,,,,,,,,,,,no
120,J16126-188,NLTT 42226,HIP 79431,,LP  804-27,,16:12:41.78,-18:52:31.8,14.57513909,,51.42857142857143,0.5402,0.546,M3V,3191.0,HIP 79431 b,667.38,,,2.1,,111.7,0.36,0.29,,,2.0,1,,,,,,,,,,,,,,no
121,J16126-188,NLTT 42226,HIP 79431,,LP  804-27,,16:12:41.78,-18:52:31.8,14.57513909,,51.42857142857143,0.5402,0.546,M3V,3191.0,HIP 79431 c,3495.8,,11.0,,,,8.5,,,,2.0,1,,,,,,,,,,,,,,no
122,J14342-125,HN Lib,HN Lib,Gliese 555,BD-11  3759,555,14:34:16.81,-12:31:10.4,6.25302694,94.77,51.42857142857143,0.29897,0.2914,M3.5V,3347.0,HN Lib b,5.558322,,,0.01749,,36.116,0.1417,0.079,,,2.0,1,,,,,,,,,,,,,,no
123,J14342-125,HN Lib,HN Lib,Gliese 555,BD-11  3759,555,14:34:16.81,-12:31:10.4,6.25302694,94.77,51.42857142857143,0.29897,0.2914,M3.5V,3347.0,HN Lib c,9.6929,,,0.0305,,113.46,0.304,,,,2.0,1,,,,,,,,,,,,,,no
124,J04219+213,LP 415-17,K2-155,"EPIC 210897587, 2MASS 04215245+21211, K2-155, 2MASS J04215245+2121131, LP 415-17, WISE J042152.63+212112.2",HG 8-15,,04:21:52.49,+21:21:12.9,72.93249284,,51.42857142857143,0.575,0.5825,K7,4258.0,K2-155 b,4.7034400000000005,1.8032,0.0148,,0.161,6.342,0.0562,,88.3,,2.0,1,,,,,,,,,,,,,,no
125,J04219+213,LP 415-17,K2-155,"EPIC 210897587, 2MASS 04215245+21211, K2-155, 2MASS J04215245+2121131, LP 415-17, WISE J042152.63+212112.2",HG 8-15,,04:21:52.49,+21:21:12.9,72.93249284,,51.42857142857143,0.575,0.5825,K7,4258.0,K2-155 c,6.514900000000001,2.5984,0.0205,,0.232,13.85,0.0946,,88.96,,2.0,1,,,,,,,,,,,,,,no
126,J04219+213,LP 415-17,K2-155,"EPIC 210897587, 2MASS 04215245+21211, K2-155, 2MASS J04215245+2121131, LP 415-17, WISE J042152.63+212112.2",HG 8-15,,04:21:52.49,+21:21:12.9,72.93249284,,51.42857142857143,0.575,0.5825,K7,4258.0,K2-155 d,4.89412,1.904,0.0154,,0.17,40.718,0.1937,,89.61,,2.0,1,,,,,,,,,,,,,,no
127,J11302+076,K2-18,K2-18,"EPIC 201912552, 2MASS J11301450+0735180, WISE J113014.45+073516.8",K2-18,,11:30:14.52,+07:35:18.3,38.09977064,36.4,51.42857142857143,0.43436,0.4343,M2.5 V,3457.0,K2-18 b,8.920646000000001,2.3632,0.02807,,0.211,32.939623,0.1429,0.2,89.5785,,2.0,1,,,,,,,,,,,,,,no
128,J11302+076,K2-18,K2-18,"EPIC 201912552, 2MASS J11301450+0735180, WISE J113014.45+073516.8",K2-18,,11:30:14.52,+07:35:18.3,38.09977064,36.4,51.42857142857143,0.43436,0.4343,M2.5 V,3457.0,K2-18 c,7.509614000000001,,,0.02363,,8.962,0.06,0.47,,,2.0,1,,,,,,,,,,,,,,no
129,J11033+359,Lalande 21185,Lalande 21185,Gl 411,HD  95735,411,11:03:20.19,+35:58:11.5,2.54612985,56.15,51.42857142857143,0.3951,0.3929,M1.5V,3828.0,Lalande 21185 b,2.688588,,,0.00846,,12.94,0.0788,0.063,,,2.0,1,,,,,,,,,,,,,,no
130,J11033+359,Lalande 21185,Lalande 21185,Gl 411,HD  95735,411,11:03:20.19,+35:58:11.5,2.54612985,56.15,51.42857142857143,0.3951,0.3929,M1.5V,3828.0,Lalande 21185 c,13.60184,,,0.0428,,2946.0,2.94,0.13,,,2.0,1,,,,,,,,,,,,,,no
131,J11033+359,Lalande 21185,Lalande 21185,Gl 411,HD  95735,411,11:03:20.19,+35:58:11.5,2.54612985,56.15,51.42857142857143,0.3951,0.3929,M1.5V,3828.0,Lalande 21185 d,3.889872,,,0.01224,,215.0,0.5142,,,,2.0,1,,,,,,,,,,,,,,no
132,J00449-152,NLTT 2465,LHS 1140,,G 268-38,3053,00:44:59.33,-15:16:17.5,14.96362088,130.88,51.42857142857143,0.22866,0.2172,M4.5,3131.0,LHS 1140 b,6.978888,1.725584,0.02196,,0.15407,24.736,0.0936,0.06,89.912,,2.0,1,,,,,,,,,,,,,,no
133,J00449-152,NLTT 2465,LHS 1140,,G 268-38,3053,00:44:59.33,-15:16:17.5,14.96362088,130.88,51.42857142857143,0.22866,0.2172,M4.5,3131.0,LHS 1140 c,1.808282,1.280944,0.00569,,0.11437,3.777931,0.02675,0.31,89.92,,2.0,1,,,,,,,,,,,,,,no
134,J00449-152,NLTT 2465,LHS 1140,,G 268-38,3053,00:44:59.33,-15:16:17.5,14.96362088,130.88,51.42857142857143,0.22866,0.2172,M4.5,3131.0,LHS 1140 d,4.798780000000001,,,0.0151,,79.22,,,,,2.0,1,,,,,,,,,,,,,,no
135,J02573+765,G 245-61,LHS 1478,TOI-1640,G 245-61,,02:57:18.26,+76:33:11.3,18.21372558,,51.42857142857143,0.24992,0.2397,M3.5V,3381.0,LHS 1478 b,2.329474,1.23872,0.00733,,0.1106,1.9495378,0.01848,,87.45,,2.0,1,,,,,,,,,,,,,,no
136,J16065+409,LP 224-38,LHS-3154,,LP  224-38,,16:06:33.33,+40:54:25.0,15.7671,,51.42857142857143,0.151573,0.135898,M6.5,2861.0,LHS 3154 b,13.147386,,,0.04137,,3.71776,0.0226,0.076,,,2.0,1,,,,,,,,,,,,,,no
137,J09140+196,LP 427-016,LP 427-16,,LP  427-16,,09:14:03.18,+19:40:05.8,22.98065195,,51.42857142857143,0.47799,0.4803,M3V,3460.0,LP 427-16 b,3813.6,,,12.0,,17700.0,10.56,0.0,,,2.0,1,,,,,,,,,,,,,,no
138,J04167-120,LP 714-47,LP 714-47,TOI-442,G 160-62,,04:16:45.60,-12:05:02.5,52.34021898,33.0,51.42857142857143,0.57759,0.5855,M0V,3950.0,LP 714-47 b,30.79482,4.692799999999999,0.0969,,0.419,4.052037,0.0417,0.04,87.3,,2.0,1,,,,,,,,,,,,,,no
139,J04167-120,LP 714-47,LP 714-47,TOI-442,G 160-62,,04:16:45.60,-12:05:02.5,52.34021898,33.0,51.42857142857143,0.57759,0.5855,M0V,3950.0,LP 714-47 c,17.192980000000002,,,0.0541,,16.06,0.104,0.12,,,2.0,1,,,,,,,,,,,,,,no
140,J21164+025,LSPM J2116+0234,LSPM J2116+0234,,LSPM J2116+0234,,21:16:27.28,+02:34:51.4,17.6395919,42.68,51.42857142857143,0.40585,0.4042,M3.0V,3475.0,LSPM J2116+0234 b,13.347600000000002,,,0.042,,14.446,0.0876,,,,2.0,1,,,,,,,,,,,,,,no
141,J10185-117,LP  729-54,LTT 3780,"TOI-732, TIC 36724087",G 162-44,,10:18:35.14,-11:43:00.2,22.02779259,,51.42857142857143,0.37124,0.3677,M3V,3358.0,LTT 3780 b,2.459772,1.3239519999999998,0.00774,,0.11821,0.76837931,0.01195,0.0,86.1,,2.0,1,,,,,,,,,,,,,,no
142,J10185-117,LP  729-54,LTT 3780,"TOI-732, TIC 36724087",G 162-44,,10:18:35.14,-11:43:00.2,22.02779259,,51.42857142857143,0.37124,0.3677,M3V,3358.0,LTT 3780 c,8.04034,2.38784,0.0253,,0.2132,12.252284,0.0757,0.024,88.96,,2.0,1,,,,,,,,,,,,,,no
143,J11477+008,FI Vir,Ross 128,"FI Vir, GJ 447",Ross  128,447,11:47:44.40,+00:48:16.4,3.37489736,112.83,51.42857142857143,0.18694,0.17322,M4V,3192.0,Ross 128 b,1.3983200000000002,,,0.0044,,9.8658,0.0496,0.116,,,2.0,1,,,,,,,,,,,,,,no
144,J11477+008,FI Vir,Ross 128,"FI Vir, GJ 447",Ross  128,447,11:47:44.40,+00:48:16.4,3.37489736,112.83,51.42857142857143,0.18694,0.17322,M4V,3192.0,Ross 128 c,190.68,,0.6,,,,10.0,,,,2.0,1,,,,,,,,,,,,,,no
145,J20227+473,Ross 176,Ross 176,TOI-4491,Ross  176,,20:22:45.19,+47:18:27.8,46.5005658868237,,51.42857142857143,0.5694,0.5768,K7V,4061.0,Ross 176 b,4.569964000000001,1.83904,0.01438,,0.1642,5.0066338,0.0464,0.25,89.4,,2.0,1,,,,,,,,,,,,,,no
146,J15238+174,Ross 508,Ross 508,,Ross  508,585,15:23:51.14,+17:27:57.4,11.21976904,,51.42857142857143,0.21468,0.2025,M4.92,3071.0,Ross 508 b,3.969322,,,0.01249,,10.77,0.053,0.35,,,2.0,1,,,,,,,,,,,,,,no
147,J10088+692,TYC 4384-1735-1,TOI-1235,,LSPM J1008+6916,,10:08:51.81,+69:16:35.6,39.61487642,41.2,51.42857142857143,0.63009,0.6409,M0.5V,3997.0,TOI-1235 b,5.91108,1.6926559999999995,0.0186,,0.15113,3.444717,0.03826,,88.9,,2.0,1,,,,,,,,,,,,,,no
148,J13255+688,2MASS J13253177+6850106,TOI-1238,,TOI-1238,,13:25:31.78,+68:50:10.6,70.64220754,,51.42857142857143,0.5836,0.5917,,4089.0,TOI-1238 b,3.759574,1.2084799999999998,0.01183,,0.1079,0.764597,0.0139,0.25,86.51,,2.0,1,,,,,,,,,,,,,,no
149,J13255+688,2MASS J13253177+6850106,TOI-1238,,TOI-1238,,13:25:31.78,+68:50:10.6,70.64220754,,51.42857142857143,0.5836,0.5917,,4089.0,TOI-1238 c,8.320003999999999,2.10784,0.02618,,0.1882,3.294736,0.037,0.15,88.38,,2.0,1,,,,,,,,,,,,,,no
150,J13255+688,2MASS J13253177+6850106,TOI-1238,,TOI-1238,,13:25:31.78,+68:50:10.6,70.64220754,,51.42857142857143,0.5836,0.5917,,4089.0,TOI-1238 d,635.6,,,2.0,,600.0,,,,,2.0,1,,,,,,,,,,,,,,no
151,J13119+658,PM J13119+6550,TOI-1266,,PM J13119+6550,,13:11:59.56,+65:50:01.7,36.0489856,,51.42857142857143,0.41189,0.4106,M2,3600.0,TOI-1266 b,4.388818,2.61744,0.01381,,0.2337,10.894841,0.0728,0.22,89.13,,2.0,1,,,,,,,,,,,,,,no
152,J13119+658,PM J13119+6550,TOI-1266,,PM J13119+6550,,13:11:59.56,+65:50:01.7,36.0489856,,51.42857142857143,0.41189,0.4106,M2,3600.0,TOI-1266 c,2.968252,2.128,0.00934,,0.19,18.801611,0.1047,0.34,89.15,,2.0,1,,,,,,,,,,,,,,no
153,J13119+658,PM J13119+6550,TOI-1266,,PM J13119+6550,,13:11:59.56,+65:50:01.7,36.0489856,,51.42857142857143,0.41189,0.4106,M2,3600.0,TOI-1266 d,3.680124,,,0.01158,,32.509,0.1513,0.087,,,2.0,1,,,,,,,,,,,,,,no
154,J01066+192,LSPM J0106+1913,TOI-1468,,LSPM J0106+1913,,01:06:36.98,+19:13:33.2,24.72091286,,51.42857142857143,0.34425,0.339,M3.0V,3496.0,TOI-1468 b,3.20978,1.27904,0.0101,,0.1142,1.8805136,0.0208,,88.47,,2.0,1,,,,,,,,,,,,,,no
155,J01066+192,LSPM J0106+1913,TOI-1468,,LSPM J0106+1913,,01:06:36.98,+19:13:33.2,24.72091286,,51.42857142857143,0.34425,0.339,M3.0V,3496.0,TOI-1468 c,6.638842,2.062368,0.02089,,0.18414,15.532482,0.0849,,89.335,,2.0,1,,,,,,,,,,,,,,no
156,J04343+430,PM J04343+4302,TOI-1685,,PM J04343+4302,,04:34:22.50,+43:02:14.7,37.60911339,,51.42857142857143,0.4633,0.465,M3.0V,3434.0,TOI-1685 b,3.069948,1.41904,0.00966,,0.1267,0.66813923,0.01164,0.0,86.52,,2.0,1,,,,,,,,,,,,,,no
157,J04343+430,PM J04343+4302,TOI-1685,,PM J04343+4302,,04:34:22.50,+43:02:14.7,37.60911339,,51.42857142857143,0.4633,0.465,M3.0V,3434.0,TOI-1685 c,9.209844,,,0.02898,,9.025,,,,,2.0,1,,,,,,,,,,,,,,no
158,J01276+722,PM J01276+7217,TOI-1695,,PM J01276+7217,,01:27:40.97,+72:17:47.2,44.9929720441309,,51.42857142857143,0.5705,0.5779,,3630.0,TOI-1695 b,5.78396,1.904,0.0182,,0.17,3.1342788,0.033548,0.1,87.2,,2.0,1,,,,,,,,,,,,,,no
159,J11044+304,LSPM J1104+3027,TOI-1806,,LSPM J1104+3027,,11:04:28.55,+30:27:31.5,55.41252977,,51.42857142857143,0.3541,0.35,,3272.0,TOI-1806 b,,3.3936,,,0.303,15.1454693,0.0877,,,,2.0,1,,,,,,,,,,,,,,no
160,J19025+754,LSPM J1902+7525,TOI-2095,,LSPM J1902+7525,,19:02:31.93,+75:25:07.0,41.9162986447512,,51.42857142857143,0.45373,0.4547,M0.5V,3662.0,TOI-2095 b,4.09962,1.2488,0.0129,,0.1115,17.774872,0.101,0.12,89.67,,2.0,1,,,,,,,,,,,,,,no
161,J19025+754,LSPM J1902+7525,TOI-2095,,LSPM J1902+7525,,19:02:31.93,+75:25:07.0,41.9162986447512,,51.42857142857143,0.45373,0.4547,M0.5V,3662.0,TOI-2095 c,7.40474,1.32944,0.0233,,0.1187,28.17221,0.137,0.13,89.9,,2.0,1,,,,,,,,,,,,,,no
162,J00190-099,BD-10 47,TOI-260,HIP 1532,BD-10    47,1008,00:19:05.56,-09:57:53.5,20.21192241,,51.42857142857143,0.6119,0.6216,K8V,4026.0,TOI-260 b,9.410058,1.62848,0.02961,,0.1454,13.47583,0.0943,0.0,88.84,,2.0,1,,,,,,,,,,,,,,no
163,J18012+355,G 182-034,TOI-4438,,G 182-34,,18:01:16.10,+35:35:50.5,30.0623864301288,,51.42857142857143,0.3996,0.3976,,3422.0,TOI-4438 b,5.4026000000000005,2.51776,0.017,,0.2248,7.44628,0.0534,0.14,89.34,,2.0,1,,,,,,,,,,,,,,no
164,J01178+054,NLTT 4318,TOI-4527,,G   2-33,3084,01:17:53.25,+05:28:26.1,18.10015015,,51.42857142857143,0.4805,0.483,,3700.0,TOI-4527 b,,0.8959999999999999,,,0.08,0.3994445,0.008,,,,2.0,1,,,,,,,,,,,,,,no
165,J10087+355,Wolf 346,TOI-5388,,Wolf  346,,10:08:42.37,+35:32:51.3,18.5537472707345,,51.42857142857143,0.3069,0.2998,,3495.0,TOI-5388 b,,1.88832,,,0.1686,2.594675,0.0243,,,,2.0,1,,,,,,,,,,,,,,no
166,J09286-121,G 161-32,TOI-620,G 161-32,G 161-32,,09:28:41.58,-12:09:55.1,33.0140209839018,,51.42857142857143,0.6097,0.6194,M2.5V,3708.0,TOI-620 b,15.4133,3.75648,0.0485,,0.3354,5.0988179,0.04825,0.19,87.47,,2.0,1,,,,,,,,,,,,,,no
167,J22060+393,G 189-001,TOI-6255,"GJ 4256, G 189-1, TIC 261135533",G 189-1,4256,22:06:00.67,+39:18:02.9,20.38552446,,51.42857142857143,0.3955,0.3933,M3V,3421.0,TOI-6255 b,1.439634,1.078112,0.00453,,0.09626,0.23818244,0.0054,0.0,74.4,,2.0,1,,,,,,,,,,,,,,no
168,J22033+674,G 264-017,TOI-6324,,G 264-17,4251,22:03:21.26,+67:29:59.8,20.5586338,,51.42857142857143,0.30985,0.3029,M3V,3327.0,TOI-6324 b,1.169504,1.0581759999999998,0.00368,,0.09448,0.279221,0.00432,0.0,74.6,,2.0,1,,,,,,,,,,,,,,no
169,J23064-050,2MUCD 12171,TRAPPIST-1,2MASS J23062928-0502285,TRAPPIST-1,,23:06:29.37,-05:02:29.0,12.46691342,3.3,51.42857142857143,0.111772,0.088943,M8,2560.0,TRAPPIST-1 b,0.85806,1.085168,0.0027,,0.09689,1.51087081,0.01111,0.0,89.65,,2.0,1,,,,,,,,,,,,,,no
170,J23064-050,2MUCD 12171,TRAPPIST-1,2MASS J23062928-0502285,TRAPPIST-1,,23:06:29.37,-05:02:29.0,12.46691342,3.3,51.42857142857143,0.111772,0.088943,M8,2560.0,TRAPPIST-1 c,1.379252,1.055152,0.00434,,0.09421,2.4218233,0.01521,0.0,89.67,,2.0,1,,,,,,,,,,,,,,no
171,J23064-050,2MUCD 12171,TRAPPIST-1,2MASS J23062928-0502285,TRAPPIST-1,,23:06:29.37,-05:02:29.0,12.46691342,3.3,51.42857142857143,0.111772,0.088943,M8,2560.0,TRAPPIST-1 d,0.41314,0.77168,0.0013,,0.0689,4.04961,0.02144,0.0,89.75,,2.0,1,,,,,,,,,,,,,,no
172,J23064-050,2MUCD 12171,TRAPPIST-1,2MASS J23062928-0502285,TRAPPIST-1,,23:06:29.37,-05:02:29.0,12.46691342,3.3,51.42857142857143,0.111772,0.088943,M8,2560.0,TRAPPIST-1 e,0.6356,0.91728,0.002,,0.0819,6.099615,0.02817,0.005,89.86,,2.0,1,,,,,,,,,,,,,,no
173,J23064-050,2MUCD 12171,TRAPPIST-1,2MASS J23062928-0502285,TRAPPIST-1,,23:06:29.37,-05:02:29.0,12.46691342,3.3,51.42857142857143,0.111772,0.088943,M8,2560.0,TRAPPIST-1 f,0.66738,1.0441759999999998,0.0021,,0.09323,9.20669,0.0371,0.01,89.68,,2.0,1,,,,,,,,,,,,,,no
174,J23064-050,2MUCD 12171,TRAPPIST-1,2MASS J23062928-0502285,TRAPPIST-1,,23:06:29.37,-05:02:29.0,12.46691342,3.3,51.42857142857143,0.111772,0.088943,M8,2560.0,TRAPPIST-1 g,1.341116,1.1256,0.00422,,0.1005,12.35294,0.0451,0.002,89.71,,2.0,1,,,,,,,,,,,,,,no
175,J23064-050,2MUCD 12171,TRAPPIST-1,2MASS J23062928-0502285,TRAPPIST-1,,23:06:29.37,-05:02:29.0,12.46691342,3.3,51.42857142857143,0.111772,0.088943,M8,2560.0,TRAPPIST-1 h,0.3308298,0.75488,0.001041,,0.0674,20.0,0.063,,89.8,,2.0,1,,,,,,,,,,,,,,no
176,J21221+229,TYC 2187-512-1,TYC 2187-512-1,,LSPM J2122+2255,,21:22:06.28,+22:55:53.1,15.48462065,41.0,51.42857142857143,0.48314,0.4858,,3735.0,TYC 2187-512-1 b,108.052,,,0.34,,694.86,1.22,0.05,,,2.0,1,,,,,,,,,,,,,,no
177,J19169+051S,V1298 Aql,VB 10,,VB 10,752B,19:16:57.61,+05:09:01.6,5.91878104,23.6,51.42857142857143,0.109122,0.086719,M8V,,VB 10 b,2033.92,,6.4,,,271.56,0.36,0.98,96.9,,2.0,1,,,,,,,,,,,,,,no
178,J16303-126,V2306 Oph,Wolf 1061,GJ 628,BD-12  4523,628,16:30:18.06,-12:39:45.3,4.30776424,119.0,51.42857142857143,0.29653,0.289,M3V,3342.0,Wolf 1061 b,1.909978,,,0.00601,,4.8869,0.0375,0.15,,,2.0,1,,,,,,,,,,,,,,no
179,J16303-126,V2306 Oph,Wolf 1061,GJ 628,BD-12  4523,628,16:30:18.06,-12:39:45.3,4.30776424,119.0,51.42857142857143,0.29653,0.289,M3V,3342.0,Wolf 1061 c,3.40046,,,0.0107,,17.8719,0.089,0.11,,,2.0,1,,,,,,,,,,,,,,no
180,J16303-126,V2306 Oph,Wolf 1061,GJ 628,BD-12  4523,628,16:30:18.06,-12:39:45.3,4.30776424,119.0,51.42857142857143,0.29653,0.289,M3V,3342.0,Wolf 1061 d,7.69076,,,0.0242,,217.21,0.47,0.55,,,2.0,1,,,,,,,,,,,,,,no
181,J20260+585,Wolf 1069,Wolf 1069,GJ 1253,Wolf 1069,1253,20:26:05.30,+58:34:22.7,9.57474184,57.7,51.42857142857143,0.17403,0.1596,M5.0 V,3158.0,Wolf 1069 b,1.258488,,,0.00396,,15.564,0.0672,,,,2.0,1,,,,,,,,,,,,,,no
182,J09535+355,Wolf 327,Wolf 327,,Wolf  327,,09:53:30.91,+35:34:16.7,28.5724089103352,,51.42857142857143,0.4414,0.4417,M2.5V,,Wolf 327 b,804.034,1.23872,2.53,,0.1106,0.5734745,0.01,0.0,84.49,,2.0,1,,,,,,,,,,,,,,no
183,J10564+070,CN Leo,Wolf 359,GJ 406,Wolf  359,406,10:56:28.92,+07:00:53.0,2.40859725,2.7,51.42857142857143,0.1123,0.09451,M6V,,Wolf 359 b,43.88818,,,0.1381,,2938.0,1.845,0.04,,,2.0,1,,,,,,,,,,,,,,no
184,J10564+070,CN Leo,Wolf 359,GJ 406,Wolf  359,406,10:56:28.92,+07:00:53.0,2.40859725,2.7,51.42857142857143,0.1123,0.09451,M6V,,Wolf 359 c,3.8136,,,0.012,,2.68687,0.018,0.15,,,2.0,1,,,,,,,,,,,,,,no
185,J01125-169,YZ Cet,YZ Cet,,V* YZ Cet,54.1,01:12:30.64,-16:59:56.4,3.71668036,69.2,51.42857142857143,0.1535,0.1379,M4.5,3056.0,YZ Cet b,0.6991600000000001,,,0.0022,,2.02087,0.01634,0.0,,,2.0,1,,,,,,,,,,,,,,no
186,J01125-169,YZ Cet,YZ Cet,,V* YZ Cet,54.1,01:12:30.64,-16:59:56.4,3.71668036,69.2,51.42857142857143,0.1535,0.1379,M4.5,3056.0,YZ Cet c,1.140902,,,0.00359,,3.05989,0.02156,0.04,,,2.0,1,,,,,,,,,,,,,,no
187,J01125-169,YZ Cet,YZ Cet,,V* YZ Cet,54.1,01:12:30.64,-16:59:56.4,3.71668036,69.2,51.42857142857143,0.1535,0.1379,M4.5,3056.0,YZ Cet d,1.090054,,,0.00343,,4.65626,0.02851,0.129,,,2.0,1,,,,,,,,,,,,,,no
188,J01125-169,YZ Cet,YZ Cet,,V* YZ Cet,54.1,01:12:30.64,-16:59:56.4,3.71668036,69.2,51.42857142857143,0.1535,0.1379,M4.5,3056.0,YZ Cet e,0.473522,,,0.00149,,1.04,,,,,2.0,1,,,,,,,,,,,,,,no
